"MATERIAL BASICO","UNIDAD DE OBRA",SUBCAPITULO,CAPITULO
CODIGO,ud,"NOMBRE MATERIAL",CANTIDAD,PRECIO,IMPORTE,CODIGO,ud,NOMBRE,CANTIDAD,CODIGO,NOMBRE,CODIGO,NOMBRE
P01AA020,m3,"Arena de río 0/6 mm",2.0806,E11ECB035,m2,"SOLADO BALDOSÍN CATALÁN 20x20cm C/RODAPIÉ",40.4," "," ",E11#,PAVIMENTOS
P01AA020,m3,"Arena de río 0/6 mm",0,E07RC040,m2,"RECIBIDO CERCOS EN MURO EXTERIOR A REVESTIR",0," "," ",E07#,"CERRAMIENTOS Y DIVISIONES"
P01AA020,m3,"Arena de río 0/6 mm",0,E07RE020,m2,"RECIBIDO REJA EN FABRICA LADRILLO MORTERO",0," "," ",E07#,"CERRAMIENTOS Y DIVISIONES"
P01AA020,m3,"Arena de río 0/6 mm",0.09,E09ISB020,u,"REMATE CHIMENEA P/FÁBRICA REVEST.",2," "," ",E09#,CUBIERTAS
P01AA020,m3,"Arena de río 0/6 mm",0.2834,E06PA010,m,"ALBARDILLA PIEDRA CALIZA 40x10cm",32.5," "," ",E06#,"PIEDRA NATURAL"
P01AA020,m3,"Arena de río 0/6 mm",0.213422,E09ISD140,m,"CUMBRERA/LIMA TEJA PLANA",9.79," "," ",E09#,CUBIERTAS
P01AA020,m3,"Arena de río 0/6 mm",0.121862,E09ISJ010,m,"BABERO ZINC 40 cm",11.18," "," ",E09#,CUBIERTAS
P01AA020,m3,"Arena de río 0/6 mm",0.87318,E07TLB040,m2,"TABICÓN LHD 9cm INT.MORTERO BASTARDO BLANCO",49.5," "," ",E07#,"CERRAMIENTOS Y DIVISIONES"
P01AA020,m3,"Arena de río 0/6 mm",1.236,E03DMS010,m2,"MEMBRANA DRENANTE P.E.A.D. SUELO H-15",123.6," "," ",E03#,"RED DE SANEAMIENTO"
P01AA020,m3,"Arena de río 0/6 mm",3.6,E03ODP040,m,"TUBO DRENAJE PE-AD CORRUGADO DOBLE D=110 mm",60," "," ",E03#,"RED DE SANEAMIENTO"
P01AA020,m3,"Arena de río 0/6 mm",19.881,E03OEP005,m,"TUBO PVC LISO MULTICAPA ENCOLADO 110mm",84.6," "," ",E03#,"RED DE SANEAMIENTO"
P01AA020,m3,"Arena de río 0/6 mm",6.832,E03OEP010,m,"TUBO PVC P.COMPACTA JUNTA ELÁSTICA SN2 C.TEJA  160mm",28," "," ",E03#,"RED DE SANEAMIENTO"
P01AA020,m3,"Arena de río 0/6 mm",0.808,E11ECB035,m2,"SOLADO BALDOSÍN CATALÁN 20x20cm C/RODAPIÉ",40.4," "," ",E11#,PAVIMENTOS
P01AG130,m3,"Grava machaqueo 40/80 mm",12.36,E03ODP040,m,"TUBO DRENAJE PE-AD CORRUGADO DOBLE D=110 mm",60," "," ",E03#,"RED DE SANEAMIENTO"
P01CC020,t,"Cemento CEM II/B-P 32,5 N sacos",0.01717,E11ECB035,m2,"SOLADO BALDOSÍN CATALÁN 20x20cm C/RODAPIÉ",40.4," "," ",E11#,PAVIMENTOS
P01CC020,t,"Cemento CEM II/B-P 32,5 N sacos",0.5454,E11ECB035,m2,"SOLADO BALDOSÍN CATALÁN 20x20cm C/RODAPIÉ",40.4," "," ",E11#,PAVIMENTOS
P01CC020,t,"Cemento CEM II/B-P 32,5 N sacos",0,E07RC040,m2,"RECIBIDO CERCOS EN MURO EXTERIOR A REVESTIR",0," "," ",E07#,"CERRAMIENTOS Y DIVISIONES"
P01CC020,t,"Cemento CEM II/B-P 32,5 N sacos",0,E07RE020,m2,"RECIBIDO REJA EN FABRICA LADRILLO MORTERO",0," "," ",E07#,"CERRAMIENTOS Y DIVISIONES"
P01CC020,t,"Cemento CEM II/B-P 32,5 N sacos",0.0342,E09ISB020,u,"REMATE CHIMENEA P/FÁBRICA REVEST.",2," "," ",E09#,CUBIERTAS
P01CC020,t,"Cemento CEM II/B-P 32,5 N sacos",0.0702,E06PA010,m,"ALBARDILLA PIEDRA CALIZA 40x10cm",32.5," "," ",E06#,"PIEDRA NATURAL"
P01CC020,t,"Cemento CEM II/B-P 32,5 N sacos",0.052866,E09ISD140,m,"CUMBRERA/LIMA TEJA PLANA",9.79," "," ",E09#,CUBIERTAS
P01CC020,t,"Cemento CEM II/B-P 32,5 N sacos",0.030186,E09ISJ010,m,"BABERO ZINC 40 cm",11.18," "," ",E09#,CUBIERTAS
P01CC020,t,"Cemento CEM II/B-P 32,5 N sacos",0.0325,E06PA010,m,"ALBARDILLA PIEDRA CALIZA 40x10cm",32.5," "," ",E06#,"PIEDRA NATURAL"
P01CC050,t,"Cemento CEM II/A-P 42,5 R granel",0.2752515,E08PKW020,m2,"MALLA MORTERO",203.89," "," ",E08#,"REVESTIMIENTOS Y FALSOS TECHOS"
P01CC140,t,"Cemento blanco BL-II/A-L 42,5 R sacos",0.24057,E07TLB040,m2,"TABICÓN LHD 9cm INT.MORTERO BASTARDO BLANCO",49.5," "," ",E07#,"CERRAMIENTOS Y DIVISIONES"
P01CL030,t,"Cal hidratada en sacos S",0.0841995,E07TLB040,m2,"TABICÓN LHD 9cm INT.MORTERO BASTARDO BLANCO",49.5," "," ",E07#,"CERRAMIENTOS Y DIVISIONES"
P01CY010,t,"Yeso negro en sacos YG",0.09639,E07RC010,m2,"RECIBIDO CERCOS EN TABIQUES C/YESO",12.6," "," ",E07#,"CERRAMIENTOS Y DIVISIONES"
P01CY010,t,"Yeso negro en sacos YG",0.609705,E11RMR010,m2,"TARIMA ROBLE SOBRE RASTREL 120/140x19mm.",79.7," "," ",E11#,PAVIMENTOS
P01DW050,m3,Agua,0.168399,E07TLB040,m2,"TABICÓN LHD 9cm INT.MORTERO BASTARDO BLANCO",49.5," "," ",E07#,"CERRAMIENTOS Y DIVISIONES"
P01DW050,m3,Agua,0.06804,E07RC010,m2,"RECIBIDO CERCOS EN TABIQUES C/YESO",12.6," "," ",E07#,"CERRAMIENTOS Y DIVISIONES"
P01DW050,m3,Agua,0.43038,E11RMR010,m2,"TARIMA ROBLE SOBRE RASTREL 120/140x19mm.",79.7," "," ",E11#,PAVIMENTOS
P01DW050,m3,Agua,0.1039839,E08PKW020,m2,"MALLA MORTERO",203.89," "," ",E08#,"REVESTIMIENTOS Y FALSOS TECHOS"
P01DW050,m3,Agua,0.03434,E11ECB035,m2,"SOLADO BALDOSÍN CATALÁN 20x20cm C/RODAPIÉ",40.4," "," ",E11#,PAVIMENTOS
P01DW050,m3,Agua,0.5151,E11ECB035,m2,"SOLADO BALDOSÍN CATALÁN 20x20cm C/RODAPIÉ",40.4," "," ",E11#,PAVIMENTOS
P01DW050,m3,Agua,0,E07RC040,m2,"RECIBIDO CERCOS EN MURO EXTERIOR A REVESTIR",0," "," ",E07#,"CERRAMIENTOS Y DIVISIONES"
P01DW050,m3,Agua,0,E07RE020,m2,"RECIBIDO REJA EN FABRICA LADRILLO MORTERO",0," "," ",E07#,"CERRAMIENTOS Y DIVISIONES"
P01DW050,m3,Agua,0.0234,E09ISB020,u,"REMATE CHIMENEA P/FÁBRICA REVEST.",2," "," ",E09#,CUBIERTAS
P01DW050,m3,Agua,0.0663,E06PA010,m,"ALBARDILLA PIEDRA CALIZA 40x10cm",32.5," "," ",E06#,"PIEDRA NATURAL"
P01DW050,m3,Agua,0.049929,E09ISD140,m,"CUMBRERA/LIMA TEJA PLANA",9.79," "," ",E09#,CUBIERTAS
P01DW050,m3,Agua,0.028509,E09ISJ010,m,"BABERO ZINC 40 cm",11.18," "," ",E09#,CUBIERTAS
P01DW050,m3,Agua,0.1782,E07TLB040,m2,"TABICÓN LHD 9cm INT.MORTERO BASTARDO BLANCO",49.5," "," ",E07#,"CERRAMIENTOS Y DIVISIONES"
P01DW050,m3,Agua,2.0389,E08PKC020,m2,"REVESTIMIENTO DECORATIVO CAL AÉREA",203.89," "," ",E08#,"REVESTIMIENTOS Y FALSOS TECHOS"
P01DW050,m3,Agua,1,E08PKC020,m2,"REVESTIMIENTO DECORATIVO CAL AÉREA",100," "," ",E11#,PAVIMENTOS
P01DW090,m,"Pequeño material",35.1,E16CLA040,m2,"SECURIT INCOLORO 8 mm",23.4," "," ",E16#,"VIDRIERÍA Y TRASLÚCIDOS"
P01DW090,m,"Pequeño material",1.5,E16CPA010,u,"PUERTA TEMPLADA INCOL. 2190x896",1," "," ",E16#,"VIDRIERÍA Y TRASLÚCIDOS"
P01DW090,m,"Pequeño material",16.47,E16EGD030,m2,"AISLAGLAS GUARDIAN SUN NEUTRO 6/10,12,16/4",10.98," "," ",E16#,"VIDRIERÍA Y TRASLÚCIDOS"
P01DW090,m,"Pequeño material",19.92,E16EGD040,m2,"AISLAGLAS GUARDIAN SUN NEUTRO 4/10,12,16/33.1",13.28," "," ",E16#,"VIDRIERÍA Y TRASLÚCIDOS"
P01EFB040,m3,"Pino Valsaín c/III-65 <8m sin secar",1.20328,E10AET310,m2,"AISLAMIENTO CORCHO NEGRO EN PLACAS 160 mm CUBIERTA",92.56," "," ",E10#,"AISLAMIENTO E IMPERMEABILIZACIÓN"
P01ELV020,m2,"Tablero OSB 15 mm",159.62,E05MC031,m2,"TABLERO DE CUBIERTA",138.8," "," ",E05#,ESTRUCTURAS
P01EM290,m3,"Madera pino encofrar 26 mm",3.872,E05HLA010,m3,"HA-25/P/20 ENCOFRADO MADERA LOSAS (85 kg/m3)",1,E33M#,"SUPERCAPITULO DEL E33L#",E03#,"RED DE SANEAMIENTO"
P01EM290,m3,"Madera pino encofrar 26 mm",0,E05HLA010,m3,"HA-25/P/20 ENCOFRADO MADERA LOSAS (85 kg/m3)",0,E05H#,"ESTRUCTURAS DE HORMIGÓN",E05#,ESTRUCTURAS
P01EW620,u,"Material de ensamble estructural",154.1,E05ML071,m3,"MADERA LAMINADA",15.41," "," ",E05#,ESTRUCTURAS
P01EW630,m3,"Madera laminada en estructura",16.951,E05ML071,m3,"MADERA LAMINADA",15.41," "," ",E05#,ESTRUCTURAS
P01FA056,t,"M.cola int.p/baldosas sin deslizamiento gris Anexo ZA",0.09363,E12AC020,m2,"ALICATADO AZULEJO BLANCO 15x15cm REC.ADHESIVO",31.21," "," ",E12#,"ALICATADOS, CHAPADOS Y PREFABRICADOS"
P01FA360,kg,"Adh. cementoso solado int. s/mortero C1",0,E12AC040,m2,"ALICATADO AZULEJO COLOR 15x15cm REC.ADHESIVO",0," "," ",E27#,"PINTURAS Y TRAT. ESPECÍFICOS"
P01FJ016,t,"M.int/ext.ceram. junta fina bl. CG1",0.03121,E12AC020,m2,"ALICATADO AZULEJO BLANCO 15x15cm REC.ADHESIVO",31.21," "," ",E12#,"ALICATADOS, CHAPADOS Y PREFABRICADOS"
P01FJ065,kg,"Lechada blanca CG1",0,E12AC040,m2,"ALICATADO AZULEJO COLOR 15x15cm REC.ADHESIVO",0," "," ",E27#,"PINTURAS Y TRAT. ESPECÍFICOS"
P01HA010,m3,"Hormigón HA-25/P/20/I central",17.789,E04SA010,m2,"SOLERA HA-25, 10cm ARMADO #15x15x5",177.89," "," ",E04#,CIMENTACIONES
P01HA010,m3,"Hormigón HA-25/P/20/I central",40.656,E05HLA010,m3,"HA-25/P/20 ENCOFRADO MADERA LOSAS (85 kg/m3)",1,E33M#,"SUPERCAPITULO DEL E33L#",E03#,"RED DE SANEAMIENTO"
P01HA010,m3,"Hormigón HA-25/P/20/I central",0,E05HLA010,m3,"HA-25/P/20 ENCOFRADO MADERA LOSAS (85 kg/m3)",0,E05H#,"ESTRUCTURAS DE HORMIGÓN",E05#,ESTRUCTURAS
P01HA021,m3,"Hormigón HA-25/P/40/IIa central",18.216,E04CA100,m3,"HORMIGÓN ARMADO HA-25/P/40/IIa V.BOMBA",15.84," "," ",E04#,CIMENTACIONES
P01HB021,m3,"Bomb.hgón. 56a75 m3, pluma 36m",15.84,E04CA100,m3,"HORMIGÓN ARMADO HA-25/P/40/IIa V.BOMBA",15.84," "," ",E04#,CIMENTACIONES
P01HB090,h,"Desplazamiento bomba",0.2376,E04CA100,m3,"HORMIGÓN ARMADO HA-25/P/40/IIa V.BOMBA",15.84," "," ",E04#,CIMENTACIONES
P01HM010,m3,"Hormigón HM-20/P/20/I central",5.94,E04CM090,m3,"HORMIGÓN LIMP. HM-20/P/20/I  V. GRÚA",5.94," "," ",E04#,CIMENTACIONES
P01HM020,m3,"Hormigón HM-20/P/40/I central",0.252,E03ALA010,u,"ARQUETA LADRILLO PIE/BAJANTE 38x38x50cm",6," "," ",E03#,"RED DE SANEAMIENTO"
P01HM020,m3,"Hormigón HM-20/P/40/I central",0.294,E03ALR020,u,"ARQUETA LADRILLO REGISTRO 38x38x50 cm",7," "," ",E03#,"RED DE SANEAMIENTO"
P01HM020,m3,"Hormigón HM-20/P/40/I central",0.118,E03ALR040,u,"ARQUETA LADRILLO REGISTRO 51x51x65 cm",2," "," ",E03#,"RED DE SANEAMIENTO"
P01HM020,m3,"Hormigón HM-20/P/40/I central",0.158,E03ALR060,u,"ARQUETA LADRILLO REGISTRO 63x63x80 cm",2," "," ",E03#,"RED DE SANEAMIENTO"
P01LA021,m,"Armad. Murfor RND.4/Z-80",18.1632,E07LP021,m2,"FÁB.LADRILLO PERFORADO 10cm 1/2P.+MURFOR MORTERO M-7,5",26.4," "," ",E07#,"CERRAMIENTOS Y DIVISIONES"
P01LA250,u,"Gancho Murfor LHK/S/84",18.48,E07LP021,m2,"FÁB.LADRILLO PERFORADO 10cm 1/2P.+MURFOR MORTERO M-7,5",26.4," "," ",E07#,"CERRAMIENTOS Y DIVISIONES"
P01LG050,u,"Rasillón cerámico 40x20x4 cm",1049.5325,E07TLA040,m2,"TABIQUE RASILLÓN 40x20x4cm INT.MORT.M-5",79.21," "," ",E07#,"CERRAMIENTOS Y DIVISIONES"
P01LH025,mu,"Ladrillo hueco doble métrico  24x11,5x9 cm",1.7325,E07TLB040,m2,"TABICÓN LHD 9cm INT.MORTERO BASTARDO BLANCO",49.5," "," ",E07#,"CERRAMIENTOS Y DIVISIONES"
P01LT010,mu,"Ladrillo perforado tosco 24x11,5x10 cm",1.0032,E07LP021,m2,"FÁB.LADRILLO PERFORADO 10cm 1/2P.+MURFOR MORTERO M-7,5",26.4," "," ",E07#,"CERRAMIENTOS Y DIVISIONES"
P01LT010,mu,"Ladrillo perforado tosco 24x11,5x10 cm",2.18424,E07LP040,m2,"FÁB.LADRILLO PERFORADO 10cm 1P. INTERIOR MORTERO M-5",28.74," "," ",E04#,CIMENTACIONES
P01LT010,mu,"Ladrillo perforado tosco 24x11,5x10 cm",16.32176,E07LP040,m2,"FÁB.LADRILLO PERFORADO 10cm 1P. INTERIOR MORTERO M-5",214.76," "," ",E05#,ESTRUCTURAS
P01LT020,mu,"Ladrillo perforado tosco 24x11,5x7 cm",0.336,E03ALA010,u,"ARQUETA LADRILLO PIE/BAJANTE 38x38x50cm",6," "," ",E03#,"RED DE SANEAMIENTO"
P01LT020,mu,"Ladrillo perforado tosco 24x11,5x7 cm",0.392,E03ALR020,u,"ARQUETA LADRILLO REGISTRO 38x38x50 cm",7," "," ",E03#,"RED DE SANEAMIENTO"
P01LT020,mu,"Ladrillo perforado tosco 24x11,5x7 cm",0.17,E03ALR040,u,"ARQUETA LADRILLO REGISTRO 51x51x65 cm",2," "," ",E03#,"RED DE SANEAMIENTO"
P01LT020,mu,"Ladrillo perforado tosco 24x11,5x7 cm",0.25,E03ALR060,u,"ARQUETA LADRILLO REGISTRO 63x63x80 cm",2," "," ",E03#,"RED DE SANEAMIENTO"
P01LT020,mu,"Ladrillo perforado tosco 24x11,5x7 cm",0.016,E09ISB020,u,"REMATE CHIMENEA P/FÁBRICA REVEST.",2," "," ",E09#,CUBIERTAS
P01MC040,m3,"Mortero cem. gris II/B-M 32,5 M-5/CEM",0.138,E03ALA010,u,"ARQUETA LADRILLO PIE/BAJANTE 38x38x50cm",6," "," ",E03#,"RED DE SANEAMIENTO"
P01MC040,m3,"Mortero cem. gris II/B-M 32,5 M-5/CEM",0.161,E03ALR020,u,"ARQUETA LADRILLO REGISTRO 38x38x50 cm",7," "," ",E03#,"RED DE SANEAMIENTO"
P01MC040,m3,"Mortero cem. gris II/B-M 32,5 M-5/CEM",0.07,E03ALR040,u,"ARQUETA LADRILLO REGISTRO 51x51x65 cm",2," "," ",E03#,"RED DE SANEAMIENTO"
P01MC040,m3,"Mortero cem. gris II/B-M 32,5 M-5/CEM",0.092,E03ALR060,u,"ARQUETA LADRILLO REGISTRO 63x63x80 cm",2," "," ",E03#,"RED DE SANEAMIENTO"
P01MC040,m3,"Mortero cem. gris II/B-M 32,5 M-5/CEM",0.39605,E07TLA040,m2,"TABIQUE RASILLÓN 40x20x4cm INT.MORT.M-5",79.21," "," ",E07#,"CERRAMIENTOS Y DIVISIONES"
P01MC045,m3,"Mortero cem. gris II/B-P 32,5 N M-5/CEM",0.6864,E07LP021,m2,"FÁB.LADRILLO PERFORADO 10cm 1/2P.+MURFOR MORTERO M-7,5",26.4," "," ",E07#,"CERRAMIENTOS Y DIVISIONES"
P01MC045,m3,"Mortero cem. gris II/B-P 32,5 N M-5/CEM",1.49448,E07LP040,m2,"FÁB.LADRILLO PERFORADO 10cm 1P. INTERIOR MORTERO M-5",28.74," "," ",E04#,CIMENTACIONES
P01MC045,m3,"Mortero cem. gris II/B-P 32,5 N M-5/CEM",11.16752,E07LP040,m2,"FÁB.LADRILLO PERFORADO 10cm 1P. INTERIOR MORTERO M-5",214.76," "," ",E05#,ESTRUCTURAS
P01SC100,m,"Albardilla piedra caliza 40x10 cm",32.5,E06PA010,m,"ALBARDILLA PIEDRA CALIZA 40x10cm",32.5," "," ",E06#,"PIEDRA NATURAL"
P01UC016,cu,"Puntas 2,8-3x50 acero esti galv",3.47,E09ICP100,m2,"TEJA CERÁMICA PLANA S/RASTREL+LVM",138.8," "," ",E09#,CUBIERTAS
P01UC016,cu,"Puntas 2,8-3x50 acero esti galv",2.25192,E09ISH040,m,"REMATE LATERAL TEJA",34.12," "," ",E09#,CUBIERTAS
P01UC030,kg,"Puntas 20x100",15.488,E05HLA010,m3,"HA-25/P/20 ENCOFRADO MADERA LOSAS (85 kg/m3)",1,E33M#,"SUPERCAPITULO DEL E33L#",E03#,"RED DE SANEAMIENTO"
P01UC030,kg,"Puntas 20x100",0,E05HLA010,m3,"HA-25/P/20 ENCOFRADO MADERA LOSAS (85 kg/m3)",0,E05H#,"ESTRUCTURAS DE HORMIGÓN",E05#,ESTRUCTURAS
P01UC030,kg,"Puntas 20x100",1.323,E07RC010,m2,"RECIBIDO CERCOS EN TABIQUES C/YESO",12.6," "," ",E07#,"CERRAMIENTOS Y DIVISIONES"
P01UC030,kg,"Puntas 20x100",0,E07RC040,m2,"RECIBIDO CERCOS EN MURO EXTERIOR A REVESTIR",0," "," ",E07#,"CERRAMIENTOS Y DIVISIONES"
P01UT100,u,"Tirafondo D=4mm lg 90mm",1249.2,E09ICP100,m2,"TEJA CERÁMICA PLANA S/RASTREL+LVM",138.8," "," ",E09#,CUBIERTAS
P02CVC010,u,"Codo M-H PVC junta elást. 45º DN160mm",6,E03ALA010,u,"ARQUETA LADRILLO PIE/BAJANTE 38x38x50cm",6," "," ",E03#,"RED DE SANEAMIENTO"
P02CVM010,u,"Manguito H-H PVC s/tope j.elást. DN160mm",9.24,E03OEP010,m,"TUBO PVC P.COMPACTA JUNTA ELÁSTICA SN2 C.TEJA  160mm",28," "," ",E03#,"RED DE SANEAMIENTO"
P02CVW010,kg,"Lubricante tubos PVC junta elástica",0.112,E03OEP010,m,"TUBO PVC P.COMPACTA JUNTA ELÁSTICA SN2 C.TEJA  160mm",28," "," ",E03#,"RED DE SANEAMIENTO"
P02EAT020,u,"Tapa cuadrada HA e=6cm 50x50cm",6,E03ALA010,u,"ARQUETA LADRILLO PIE/BAJANTE 38x38x50cm",6," "," ",E03#,"RED DE SANEAMIENTO"
P02EAT020,u,"Tapa cuadrada HA e=6cm 50x50cm",7,E03ALR020,u,"ARQUETA LADRILLO REGISTRO 38x38x50 cm",7," "," ",E03#,"RED DE SANEAMIENTO"
P02EAT030,u,"Tapa cuadrada HA e=6cm 60x60cm",2,E03ALR040,u,"ARQUETA LADRILLO REGISTRO 51x51x65 cm",2," "," ",E03#,"RED DE SANEAMIENTO"
P02EAT040,u,"Tapa cuadrada HA e=6cm 70x70cm",2,E03ALR060,u,"ARQUETA LADRILLO REGISTRO 63x63x80 cm",2," "," ",E03#,"RED DE SANEAMIENTO"
P02EM105,u,"Fij.autoadhesiva Danodren",0,E03DMP020,m2,"MEMBRANA DRENANTE P.E.A.D. VERT.H-15 PLUS",0," "," ",E03#,"RED DE SANEAMIENTO"
P02EM105,u,"Fij.autoadhesiva Danodren",105,E03DMP020,m2,"MEMBRANA DRENANTE P.E.A.D. VERT.H-15 PLUS",35," "," ",E10#,"AISLAMIENTO E IMPERMEABILIZACIÓN"
P02EM110,m,"Perfil de remate p/membranas drenantes",0,E03DMP020,m2,"MEMBRANA DRENANTE P.E.A.D. VERT.H-15 PLUS",0," "," ",E03#,"RED DE SANEAMIENTO"
P02EM110,m,"Perfil de remate p/membranas drenantes",11.55,E03DMP020,m2,"MEMBRANA DRENANTE P.E.A.D. VERT.H-15 PLUS",35," "," ",E10#,"AISLAMIENTO E IMPERMEABILIZACIÓN"
P02RPD040,m,"Tubo drenaje PE corrug.doble D=110mm",60,E03ODP040,m,"TUBO DRENAJE PE-AD CORRUGADO DOBLE D=110 mm",60," "," ",E03#,"RED DE SANEAMIENTO"
P02TVO010,m,"Tub.PVC liso j.elástica SN2 D=160mm",28,E03OEP010,m,"TUBO PVC P.COMPACTA JUNTA ELÁSTICA SN2 C.TEJA  160mm",28," "," ",E03#,"RED DE SANEAMIENTO"
P02TVO310,m,"Tub.PVC liso multicapa encolado D=110",84.6,E03OEP005,m,"TUBO PVC LISO MULTICAPA ENCOLADO 110mm",84.6," "," ",E03#,"RED DE SANEAMIENTO"
P03AAA020,kg,"Alambre atar 1,30 mm",3.8016,E04CA100,m3,"HORMIGÓN ARMADO HA-25/P/40/IIa V.BOMBA",15.84," "," ",E04#,CIMENTACIONES
P03AAA020,kg,"Alambre atar 1,30 mm",19.7472,E05HLA010,m3,"HA-25/P/20 ENCOFRADO MADERA LOSAS (85 kg/m3)",1,E33M#,"SUPERCAPITULO DEL E33L#",E03#,"RED DE SANEAMIENTO"
P03AAA020,kg,"Alambre atar 1,30 mm",0,E05HLA010,m3,"HA-25/P/20 ENCOFRADO MADERA LOSAS (85 kg/m3)",0,E05H#,"ESTRUCTURAS DE HORMIGÓN",E05#,ESTRUCTURAS
P03AAA020,kg,"Alambre atar 1,30 mm",29.04,E05HLA010,m3,"HA-25/P/20 ENCOFRADO MADERA LOSAS (85 kg/m3)",1,E33M#,"SUPERCAPITULO DEL E33L#",E03#,"RED DE SANEAMIENTO"
P03AAA020,kg,"Alambre atar 1,30 mm",0,E05HLA010,m3,"HA-25/P/20 ENCOFRADO MADERA LOSAS (85 kg/m3)",0,E05H#,"ESTRUCTURAS DE HORMIGÓN",E05#,ESTRUCTURAS
P03ACC080,kg,"Acero corrugado B 500 S/SD",665.28,E04CA100,m3,"HORMIGÓN ARMADO HA-25/P/40/IIa V.BOMBA",15.84," "," ",E04#,CIMENTACIONES
P03ACC080,kg,"Acero corrugado B 500 S/SD",3455.76,E05HLA010,m3,"HA-25/P/20 ENCOFRADO MADERA LOSAS (85 kg/m3)",1,E33M#,"SUPERCAPITULO DEL E33L#",E03#,"RED DE SANEAMIENTO"
P03ACC080,kg,"Acero corrugado B 500 S/SD",0,E05HLA010,m3,"HA-25/P/20 ENCOFRADO MADERA LOSAS (85 kg/m3)",0,E05H#,"ESTRUCTURAS DE HORMIGÓN",E05#,ESTRUCTURAS
P03AM020,m2,"Malla 15x15x5     2,078 kg/m2",225.38663,E04SA010,m2,"SOLERA HA-25, 10cm ARMADO #15x15x5",177.89," "," ",E04#,CIMENTACIONES
P03AM070,m2,"Malla 15x30x5     1,564 kg/m2",2.66,E03ALR020,u,"ARQUETA LADRILLO REGISTRO 38x38x50 cm",7," "," ",E03#,"RED DE SANEAMIENTO"
P03AM070,m2,"Malla 15x30x5     1,564 kg/m2",1.24,E03ALR040,u,"ARQUETA LADRILLO REGISTRO 51x51x65 cm",2," "," ",E03#,"RED DE SANEAMIENTO"
P03AM070,m2,"Malla 15x30x5     1,564 kg/m2",1.66,E03ALR060,u,"ARQUETA LADRILLO REGISTRO 63x63x80 cm",2," "," ",E03#,"RED DE SANEAMIENTO"
P04RD050,kg,"Mortero cal textura lisa",2446.68,E08PKC020,m2,"REVESTIMIENTO DECORATIVO CAL AÉREA",203.89," "," ",E08#,"REVESTIMIENTOS Y FALSOS TECHOS"
P04RD050,kg,"Mortero cal textura lisa",1200,E08PKC020,m2,"REVESTIMIENTO DECORATIVO CAL AÉREA",100," "," ",E11#,PAVIMENTOS
P04RD210,kg,"Mortero cal hidraúlica natural",5598.36,E08PKC100,m2,"MORTERO CAL PARA INTERIOR",311.02," "," ",E08#,"REVESTIMIENTOS Y FALSOS TECHOS"
P04RR040,kg,"Mortero revoco CSIII-W1",99.872,E08PFM050,m2,"ENFOSCADO MAESTREADO-FRATASADO CSIII-W1 VERTICAL",31.21," "," ",E08#,"REVESTIMIENTOS Y FALSOS TECHOS"
P04RR070,kg,"Mortero revoco CSIV-W2",4.8,E03ALA010,u,"ARQUETA LADRILLO PIE/BAJANTE 38x38x50cm",6," "," ",E03#,"RED DE SANEAMIENTO"
P04RR070,kg,"Mortero revoco CSIV-W2",5.6,E03ALR020,u,"ARQUETA LADRILLO REGISTRO 38x38x50 cm",7," "," ",E03#,"RED DE SANEAMIENTO"
P04RR070,kg,"Mortero revoco CSIV-W2",2.8,E03ALR040,u,"ARQUETA LADRILLO REGISTRO 51x51x65 cm",2," "," ",E03#,"RED DE SANEAMIENTO"
P04RR070,kg,"Mortero revoco CSIV-W2",5.2,E03ALR060,u,"ARQUETA LADRILLO REGISTRO 63x63x80 cm",2," "," ",E03#,"RED DE SANEAMIENTO"
P04RW030,m2,"Malla mortero",224.279,E08PKW020,m2,"MALLA MORTERO",203.89," "," ",E08#,"REVESTIMIENTOS Y FALSOS TECHOS"
P05EH020,u,"Placa prefab.hormigón 150x33 cm",2,E09ISB020,u,"REMATE CHIMENEA P/FÁBRICA REVEST.",2," "," ",E09#,CUBIERTAS
P05EW185,m,"Listón madera  pino 25x40x60 mm",2.776,E09ICP100,m2,"TEJA CERÁMICA PLANA S/RASTREL+LVM",138.8," "," ",E09#,CUBIERTAS
P05PW095,m2,"Plancha zinc e/0,66 mm",5.1428,E09ISJ010,m,"BABERO ZINC 40 cm",11.18," "," ",E09#,CUBIERTAS
P05TC102,u,"Teja curva rojo 40x20",18,E09ISB020,u,"REMATE CHIMENEA P/FÁBRICA REVEST.",2," "," ",E09#,CUBIERTAS
P05TC235,u,"Teja curva ventilación color rojo",0.12,E09ISB020,u,"REMATE CHIMENEA P/FÁBRICA REVEST.",2," "," ",E09#,CUBIERTAS
P05TP010,u,"Teja plana roja 43x26 cm",1665.6,E09ICP100,m2,"TEJA CERÁMICA PLANA S/RASTREL+LVM",138.8," "," ",E09#,CUBIERTAS
P05TWM080,u,"Caballete teja plana 46x29cm",29.37,E09ISD140,m,"CUMBRERA/LIMA TEJA PLANA",9.79," "," ",E09#,CUBIERTAS
P05TWX270,u,"Teja remate lateral cerámica roja",112.596,E09ISH040,m,"REMATE LATERAL TEJA",34.12," "," ",E09#,CUBIERTAS
P06BA020,kg,"Adhesivo Impridan 500",83.28,E09ICP100,m2,"TEJA CERÁMICA PLANA S/RASTREL+LVM",138.8," "," ",E09#,CUBIERTAS
P06BG080,m2,"Lámina drenante Danodren H-15",135.96,E03DMS010,m2,"MEMBRANA DRENANTE P.E.A.D. SUELO H-15",123.6," "," ",E03#,"RED DE SANEAMIENTO"
P06BG081,m2,"Lámina drenante Danodren H-15 plus",0,E03DMP020,m2,"MEMBRANA DRENANTE P.E.A.D. VERT.H-15 PLUS",0," "," ",E03#,"RED DE SANEAMIENTO"
P06BG081,m2,"Lámina drenante Danodren H-15 plus",38.5,E03DMP020,m2,"MEMBRANA DRENANTE P.E.A.D. VERT.H-15 PLUS",35," "," ",E10#,"AISLAMIENTO E IMPERMEABILIZACIÓN"
P06BG320,m2,"Fieltro geotextil 125 g/m2",133.2,E03ODP040,m,"TUBO DRENAJE PE-AD CORRUGADO DOBLE D=110 mm",60," "," ",E03#,"RED DE SANEAMIENTO"
P06BI020,kg,"Imprim.asfáltica Curidan",41.64,E09ICP100,m2,"TEJA CERÁMICA PLANA S/RASTREL+LVM",138.8," "," ",E09#,CUBIERTAS
P06BS780,m2,"Lam. autoadhesiva SELF DAN BTM",152.68,E09ICP100,m2,"TEJA CERÁMICA PLANA S/RASTREL+LVM",138.8," "," ",E09#,CUBIERTAS
P06SI020,kg,"Adhesivo de contacto BA 007",69.663,E10IES010,m2,"IMPERMEABILIZACIÓN LÁMINA CAUCHO EPDM 1,35mm",63.33," "," ",E10#,"AISLAMIENTO E IMPERMEABILIZACIÓN"
P06SL043,m2,"Lámina EPDM 1,35 mm",66.4965,E10IES010,m2,"IMPERMEABILIZACIÓN LÁMINA CAUCHO EPDM 1,35mm",63.33," "," ",E10#,"AISLAMIENTO E IMPERMEABILIZACIÓN"
P06WW460,m2,"Barrera de vapor Sarnavap 1000 E",161.8625,E10ATB050,m2,"BARRERA DE VAPOR",140.75," "," ",E10#,"AISLAMIENTO E IMPERMEABILIZACIÓN"
P07TC030,m2,"Placa vidrio celular de 450x300x13 mm",206.85,E10AEU100,ml,"AISLAMIENTO TÉRMICO ROT. PUENTE TÉRMICO ARRANQUE MUROS",68.95," "," ",E10#,"AISLAMIENTO E IMPERMEABILIZACIÓN"
P07TF010,m3,"Insulfado de celulosa",36,E10AET170,m3,"AISLAMIENTO CELULOSA INSUFLADA EN SECO",30," "," ",E10#,"AISLAMIENTO E IMPERMEABILIZACIÓN"
P07TH050,m2,"Placa corcho negro 80 mm",428.169,E10AET300,m2,"AISLAMIENTO CORCHO NEGRO EN PLACAS 160 mm FACHADA",203.89," "," ",E10#,"AISLAMIENTO E IMPERMEABILIZACIÓN"
P07TH050,m2,"Placa corcho negro 80 mm",194.376,E10AET310,m2,"AISLAMIENTO CORCHO NEGRO EN PLACAS 160 mm CUBIERTA",92.56," "," ",E10#,"AISLAMIENTO E IMPERMEABILIZACIÓN"
P07TV300,m2,"Manta vidrio IBR desnudo e=100mm 10000x1200",145.74,E09ICP100,m2,"TEJA CERÁMICA PLANA S/RASTREL+LVM",138.8," "," ",E09#,CUBIERTAS
P08EXC030,m2,"Baldosín catalán 20x20 cm",46.46,E11ECB035,m2,"SOLADO BALDOSÍN CATALÁN 20x20cm C/RODAPIÉ",40.4," "," ",E11#,PAVIMENTOS
P08EXP202,m,"Rodapie catalán 20x8 cm",44.44,E11ECB035,m2,"SOLADO BALDOSÍN CATALÁN 20x20cm C/RODAPIÉ",40.4," "," ",E11#,PAVIMENTOS
P08MA060,u,"Material auxiliar colocación tarima",79.7,E11RMR010,m2,"TARIMA ROBLE SOBRE RASTREL 120/140x19mm.",79.7," "," ",E11#,PAVIMENTOS
P08MA070,m,"Rastrel pino 75x25 mm.",371.402,E11RMR010,m2,"TARIMA ROBLE SOBRE RASTREL 120/140x19mm.",79.7," "," ",E11#,PAVIMENTOS
P08MT010,m2,"Tarima maciza s/barniz. Roble 120/140x19mm",83.685,E11RMR010,m2,"TARIMA ROBLE SOBRE RASTREL 120/140x19mm.",79.7," "," ",E11#,PAVIMENTOS
P09ABC010,m2,"Azulejo blanco 15x15 cm",32.7705,E12AC020,m2,"ALICATADO AZULEJO BLANCO 15x15cm REC.ADHESIVO",31.21," "," ",E12#,"ALICATADOS, CHAPADOS Y PREFABRICADOS"
P09ABC040,m2,"Azulejo color 15x15 cm",0,E12AC040,m2,"ALICATADO AZULEJO COLOR 15x15cm REC.ADHESIVO",0," "," ",E27#,"PINTURAS Y TRAT. ESPECÍFICOS"
P11AH030,ud,"P.armario lisa ALM p.melix/mukali",17.01,E13MAL030,m2,"FTE.ARM/MAL.LISO H.PINO MELIX/MUKALI",22.68," "," ",E13#,"CARPINTERÍA DE MADERA"
P11AH070,ud,"P.maleter.lisa MLM p.melix/mukali",17.01,E13MAL030,m2,"FTE.ARM/MAL.LISO H.PINO MELIX/MUKALI",22.68," "," ",E13#,"CARPINTERÍA DE MADERA"
P11CA005,ud,"P.paso CLM pino melix/mukali",6,E13EPL060,ud,"P.P. LISA MACIZA P.MELIX/MUKALI",6," "," ",E13#,"CARPINTERÍA DE MADERA"
P11EB010,ud,"Puerta ent. blind. EBL p.país/sapelly",1,E13EEB010,ud,"P.E. BLINDADA P.PAÍS P/PINTAR/LACAR",1," "," ",E13#,"CARPINTERÍA DE MADERA"
P11HB010,ud,"Bisagra seguridad larga p.entra.",4,E13EEB010,ud,"P.E. BLINDADA P.PAÍS P/PINTAR/LACAR",1," "," ",E13#,"CARPINTERÍA DE MADERA"
P11HB090,ud,"Tornillo segur.cerco 152mm.codi.",4,E13EEB010,ud,"P.E. BLINDADA P.PAÍS P/PINTAR/LACAR",1," "," ",E13#,"CARPINTERÍA DE MADERA"
P11HM020,ud,"Mirilla latón super gran angular",1,E13EEB010,ud,"P.E. BLINDADA P.PAÍS P/PINTAR/LACAR",1," "," ",E13#,"CARPINTERÍA DE MADERA"
P11HS020,ud,"C.seguridad c/largo frente al.3p",1,E13EEB010,ud,"P.E. BLINDADA P.PAÍS P/PINTAR/LACAR",1," "," ",E13#,"CARPINTERÍA DE MADERA"
P11HT010,ud,"Tirador p.entrada latón labrado",1,E13EEB010,ud,"P.E. BLINDADA P.PAÍS P/PINTAR/LACAR",1," "," ",E13#,"CARPINTERÍA DE MADERA"
P11JT020,ud,"Tirador armario de latón",17.01,E13MAL030,m2,"FTE.ARM/MAL.LISO H.PINO MELIX/MUKALI",22.68," "," ",E13#,"CARPINTERÍA DE MADERA"
P11JT080,ud,"Tirador maletero de latón",17.01,E13MAL030,m2,"FTE.ARM/MAL.LISO H.PINO MELIX/MUKALI",22.68," "," ",E13#,"CARPINTERÍA DE MADERA"
P11JW020,ud,"Imán de cierre blanco/marrón 42 mm.",34.02,E13MAL030,m2,"FTE.ARM/MAL.LISO H.PINO MELIX/MUKALI",22.68," "," ",E13#,"CARPINTERÍA DE MADERA"
P11PM030,m.,"Galce p. melix macizo 110x30 mm.",5.5,E13EEB010,ud,"P.E. BLINDADA P.PAÍS P/PINTAR/LACAR",1," "," ",E13#,"CARPINTERÍA DE MADERA"
P11PP010,m.,"Precerco de pino 70x35 mm.",31.8,E13EPL060,ud,"P.P. LISA MACIZA P.MELIX/MUKALI",6," "," ",E13#,"CARPINTERÍA DE MADERA"
P11PP010,m.,"Precerco de pino 70x35 mm.",65.772,E13MAL030,m2,"FTE.ARM/MAL.LISO H.PINO MELIX/MUKALI",22.68," "," ",E13#,"CARPINTERÍA DE MADERA"
P11PP010,m.,"Precerco de pino 70x35 mm.",126,E13RSL020,m2,"CARP.EXT.PINO MELIX P/BARNIZ.",31.5," "," ",E13#,"CARPINTERÍA DE MADERA"
P11PP030,m.,"Precerco de pino 110x45 mm.",5.3,E13EEB010,ud,"P.E. BLINDADA P.PAÍS P/PINTAR/LACAR",1," "," ",E13#,"CARPINTERÍA DE MADERA"
P11PR010,m.,"Galce DM R.pino melix 70x30 mm.",33,E13EPL060,ud,"P.P. LISA MACIZA P.MELIX/MUKALI",6," "," ",E13#,"CARPINTERÍA DE MADERA"
P11PR010,m.,"Galce DM R.pino melix 70x30 mm.",65.772,E13MAL030,m2,"FTE.ARM/MAL.LISO H.PINO MELIX/MUKALI",22.68," "," ",E13#,"CARPINTERÍA DE MADERA"
P11RB040,ud,"Pernio latón 80/95 mm. codillo",18,E13EPL060,ud,"P.P. LISA MACIZA P.MELIX/MUKALI",6," "," ",E13#,"CARPINTERÍA DE MADERA"
P11RB070,ud,"Pernio latón plano 80x52 mm.",83.916,E13MAL030,m2,"FTE.ARM/MAL.LISO H.PINO MELIX/MUKALI",22.68," "," ",E13#,"CARPINTERÍA DE MADERA"
P11RB070,ud,"Pernio latón plano 80x52 mm.",189,E13RSL020,m2,"CARP.EXT.PINO MELIX P/BARNIZ.",31.5," "," ",E13#,"CARPINTERÍA DE MADERA"
P11RP020,ud,"Pomo latón pul.brillo c/resbalón",6,E13EPL060,ud,"P.P. LISA MACIZA P.MELIX/MUKALI",6," "," ",E13#,"CARPINTERÍA DE MADERA"
P11TL010,m.,"Tapajunt. DM LR pino melix 70x10",66,E13EPL060,ud,"P.P. LISA MACIZA P.MELIX/MUKALI",6," "," ",E13#,"CARPINTERÍA DE MADERA"
P11TM010,m.,"Tapajunt. LM pino melix 70x12",126,E13RSL020,m2,"CARP.EXT.PINO MELIX P/BARNIZ.",31.5," "," ",E13#,"CARPINTERÍA DE MADERA"
P11TM020,m.,"Tapajunt. LM pino melix 85x15",11,E13EEB010,ud,"P.E. BLINDADA P.PAÍS P/PINTAR/LACAR",1," "," ",E13#,"CARPINTERÍA DE MADERA"
P11TM100,m.,"Tapeta contrachap.pino 70x4 mm.",49.896,E13MAL030,m2,"FTE.ARM/MAL.LISO H.PINO MELIX/MUKALI",22.68," "," ",E13#,"CARPINTERÍA DE MADERA"
P11TR010,m.,"Tapajunt. DM MR pino melix 70x10",49.896,E13MAL030,m2,"FTE.ARM/MAL.LISO H.PINO MELIX/MUKALI",22.68," "," ",E13#,"CARPINTERÍA DE MADERA"
P11WH010,ud,"Cremona dorada tabla",31.5,E13RSL020,m2,"CARP.EXT.PINO MELIX P/BARNIZ.",31.5," "," ",E13#,"CARPINTERÍA DE MADERA"
P11WP080,ud,"Tornillo ensamble zinc/pavón",108,E13EPL060,ud,"P.P. LISA MACIZA P.MELIX/MUKALI",6," "," ",E13#,"CARPINTERÍA DE MADERA"
P11WP080,ud,"Tornillo ensamble zinc/pavón",498.96,E13MAL030,m2,"FTE.ARM/MAL.LISO H.PINO MELIX/MUKALI",22.68," "," ",E13#,"CARPINTERÍA DE MADERA"
P11WP080,ud,"Tornillo ensamble zinc/pavón",283.5,E13RSL020,m2,"CARP.EXT.PINO MELIX P/BARNIZ.",31.5," "," ",E13#,"CARPINTERÍA DE MADERA"
P11XA020,m2,"Carp.ext.pino melix p/barniz.",31.5,E13RSL020,m2,"CARP.EXT.PINO MELIX P/BARNIZ.",31.5," "," ",E13#,"CARPINTERÍA DE MADERA"
P14BA040,m2,"Securit incoloro 8 mm",23.5404,E16CLA040,m2,"SECURIT INCOLORO 8 mm",23.4," "," ",E16#,"VIDRIERÍA Y TRASLÚCIDOS"
P14BP010,u,"Puerta templada luna inc. 2190x896",1,E16CPA010,u,"PUERTA TEMPLADA INCOL. 2190x896",1," "," ",E16#,"VIDRIERÍA Y TRASLÚCIDOS"
P14BP120,u,"Pernio alto 54 mm",1,E16CPA010,u,"PUERTA TEMPLADA INCOL. 2190x896",1," "," ",E16#,"VIDRIERÍA Y TRASLÚCIDOS"
P14BP130,u,"Pernio bajo 54 mm",1,E16CPA010,u,"PUERTA TEMPLADA INCOL. 2190x896",1," "," ",E16#,"VIDRIERÍA Y TRASLÚCIDOS"
P14BP140,u,"Punto de giro alto",1,E16CPA010,u,"PUERTA TEMPLADA INCOL. 2190x896",1," "," ",E16#,"VIDRIERÍA Y TRASLÚCIDOS"
P14BP150,u,"Punto de giro bajo",1,E16CPA010,u,"PUERTA TEMPLADA INCOL. 2190x896",1," "," ",E16#,"VIDRIERÍA Y TRASLÚCIDOS"
P14BP160,u,"Tapa de freno",1,E16CPA010,u,"PUERTA TEMPLADA INCOL. 2190x896",1," "," ",E16#,"VIDRIERÍA Y TRASLÚCIDOS"
P14BP170,u,"Caja de freno",1,E16CPA010,u,"PUERTA TEMPLADA INCOL. 2190x896",1," "," ",E16#,"VIDRIERÍA Y TRASLÚCIDOS"
P14BP180,u,"Mecanismo freno",1,E16CPA010,u,"PUERTA TEMPLADA INCOL. 2190x896",1," "," ",E16#,"VIDRIERÍA Y TRASLÚCIDOS"
P14BP190,u,"Cerradura llave y manivela",1,E16CPA010,u,"PUERTA TEMPLADA INCOL. 2190x896",1," "," ",E16#,"VIDRIERÍA Y TRASLÚCIDOS"
P14EGD030,m2,"AislaGlas Guardian Sun Neutro 6/10,12,16/4",11.04588,E16EGD030,m2,"AISLAGLAS GUARDIAN SUN NEUTRO 6/10,12,16/4",10.98," "," ",E16#,"VIDRIERÍA Y TRASLÚCIDOS"
P14EGD040,m2,"AislaGlas Guardian Sun Neutro 4/10,12,16/33.1",13.35968,E16EGD040,m2,"AISLAGLAS GUARDIAN SUN NEUTRO 4/10,12,16/33.1",13.28," "," ",E16#,"VIDRIERÍA Y TRASLÚCIDOS"
P14KW055,m,"Sellado con silicona incolora",81.9,E16CLA040,m2,"SECURIT INCOLORO 8 mm",23.4," "," ",E16#,"VIDRIERÍA Y TRASLÚCIDOS"
P14KW055,m,"Sellado con silicona incolora",76.86,E16EGD030,m2,"AISLAGLAS GUARDIAN SUN NEUTRO 6/10,12,16/4",10.98," "," ",E16#,"VIDRIERÍA Y TRASLÚCIDOS"
P14KW055,m,"Sellado con silicona incolora",92.96,E16EGD040,m2,"AISLAGLAS GUARDIAN SUN NEUTRO 4/10,12,16/33.1",13.28," "," ",E16#,"VIDRIERÍA Y TRASLÚCIDOS"
P25MA030,l,"Imp. p. abierto fungi. incol.",6.636,E27MU010,m2,"LASUR SATINADO TRANSPARENTE F./ACAB. EXT.",66.36," "," ",E27#,"PINTURAS Y TRAT. ESPECÍFICOS"
P25MS010,l,"L. satin.trans.f./acab.ext.b.disolvente",4.44612,E27MU010,m2,"LASUR SATINADO TRANSPARENTE F./ACAB. EXT.",66.36," "," ",E27#,"PINTURAS Y TRAT. ESPECÍFICOS"
P25MW010,l,"Barniz poliuret. monocomp. parquet-madera",71.73,E11RMR010,m2,"TARIMA ROBLE SOBRE RASTREL 120/140x19mm.",79.7," "," ",E11#,PAVIMENTOS
P25OW040,l,"Imprimación granulosa",38.8775,E27EC010,m2,"PINTURA A LA CAL PARA INTERIOR",311.02," "," ",E27#,"PINTURAS Y TRAT. ESPECÍFICOS"
P25VC095,l,"Pintura a la cal",77.755,E27EC010,m2,"PINTURA A LA CAL PARA INTERIOR",311.02," "," ",E27#,"PINTURAS Y TRAT. ESPECÍFICOS"
P25WW220,u,"Pequeño material",13.272,E27MU010,m2,"LASUR SATINADO TRANSPARENTE F./ACAB. EXT.",66.36," "," ",E27#,"PINTURAS Y TRAT. ESPECÍFICOS"
P32EC040,ud,"Absorción de agua,ladrillos",1,E29KL020,ud,"ENSAYO NORMAL LADRILLOS REVESTIR",1," "," ",E29#,"CONTROL DE CALIDAD Y ENSAYOS"
P32EC050,ud,"Succión, ladrillos",1,E29KL020,ud,"ENSAYO NORMAL LADRILLOS REVESTIR",1," "," ",E29#,"CONTROL DE CALIDAD Y ENSAYOS"
P32EC080,ud,"Masa, ladrillos",1,E29KL020,ud,"ENSAYO NORMAL LADRILLOS REVESTIR",1," "," ",E29#,"CONTROL DE CALIDAD Y ENSAYOS"
P32EC140,ud,"Resistencia a compresión, ladrillos",1,E29KL020,ud,"ENSAYO NORMAL LADRILLOS REVESTIR",1," "," ",E29#,"CONTROL DE CALIDAD Y ENSAYOS"
P32HC830,ud,"Sección equiv / desviación de masa, aceros",1,E29BCS010,ud,"ENSAYO COMPLETO ACERO CORRUGADO",1," "," ",E29#,"CONTROL DE CALIDAD Y ENSAYOS"
P32HC840,ud,"Geometría de corrugas, aceros",1,E29BCS010,ud,"ENSAYO COMPLETO ACERO CORRUGADO",1," "," ",E29#,"CONTROL DE CALIDAD Y ENSAYOS"
P32HC860,ud,"Doblado-desdoblado, aceros",1,E29BCS010,ud,"ENSAYO COMPLETO ACERO CORRUGADO",1," "," ",E29#,"CONTROL DE CALIDAD Y ENSAYOS"
P32HC870,ud,"Límite elástico / tensión de rotura, aceros",1,E29BCS010,ud,"ENSAYO COMPLETO ACERO CORRUGADO",1," "," ",E29#,"CONTROL DE CALIDAD Y ENSAYOS"
P32HC880,ud,"Alargamiento de rotura, aceros",1,E29BCS010,ud,"ENSAYO COMPLETO ACERO CORRUGADO",1," "," ",E29#,"CONTROL DE CALIDAD Y ENSAYOS"
P32HF010,ud,"Consistencia cono Abrams",2,E29BFF015,ud,"SERIE 2 PROBETAS, HORMIGÓN",1," "," ",E29#,"CONTROL DE CALIDAD Y ENSAYOS"
P32HF025,ud,"Resist. a compresión, serie de 2 probetas",1,E29BFF015,ud,"SERIE 2 PROBETAS, HORMIGÓN",1," "," ",E29#,"CONTROL DE CALIDAD Y ENSAYOS"
P32QM010,ud,"Humedad por desecación, maderas",1,E29DM070,ud,"ENSAYO COMPLETO, MADERAS ESTRUCT.",1," "," ",E29#,"CONTROL DE CALIDAD Y ENSAYOS"
P32QM020,ud,"Peso específico, maderas",1,E29DM070,ud,"ENSAYO COMPLETO, MADERAS ESTRUCT.",1," "," ",E29#,"CONTROL DE CALIDAD Y ENSAYOS"
P32QM030,ud,"Resistencia a cortante, maderas",1,E29DM070,ud,"ENSAYO COMPLETO, MADERAS ESTRUCT.",1," "," ",E29#,"CONTROL DE CALIDAD Y ENSAYOS"
P32QM040,ud,"Dureza, maderas",1,E29DM070,ud,"ENSAYO COMPLETO, MADERAS ESTRUCT.",1," "," ",E29#,"CONTROL DE CALIDAD Y ENSAYOS"
P32QM050,ud,"Resistencia a flexión maderas",1,E29DM070,ud,"ENSAYO COMPLETO, MADERAS ESTRUCT.",1," "," ",E29#,"CONTROL DE CALIDAD Y ENSAYOS"
P32QM060,ud,"Tracción paralela, maderas",1,E29DM070,ud,"ENSAYO COMPLETO, MADERAS ESTRUCT.",1," "," ",E29#,"CONTROL DE CALIDAD Y ENSAYOS"
P32QM070,ud,"Tracción perpendicular, maderas",1,E29DM070,ud,"ENSAYO COMPLETO, MADERAS ESTRUCT.",1," "," ",E29#,"CONTROL DE CALIDAD Y ENSAYOS"
P32QM080,ud,"Compresión paralela, maderas",1,E29DM070,ud,"ENSAYO COMPLETO, MADERAS ESTRUCT.",1," "," ",E29#,"CONTROL DE CALIDAD Y ENSAYOS"
P32QM085,ud,"Compresión perpendicular, maderas",1,E29DM070,ud,"ENSAYO COMPLETO, MADERAS ESTRUCT.",1," "," ",E29#,"CONTROL DE CALIDAD Y ENSAYOS"
P32QM090,ud,"Resistencia a la hienda, maderas",1,E29DM070,ud,"ENSAYO COMPLETO, MADERAS ESTRUCT.",1," "," ",E29#,"CONTROL DE CALIDAD Y ENSAYOS"
MAQUINARIA,"UNIDAD DE OBRA",SUBCAPITULO,CAPITULO
CODIGO,ud,"NOMBRE MAQUINARIA",CANTIDAD,PRECIO,IMPORTE,CODIGO,ud,NOMBRE,CANTIDAD,CODIGO,NOMBRE,CODIGO,NOMBRE
M02GT002,h,"Grúa pluma 30 m./0,75 t",3.872,E05HLA010,m3,"HA-25/P/20 ENCOFRADO MADERA LOSAS (85 kg/m3)",1,E33M#,"SUPERCAPITULO DEL E33L#",E03#,"RED DE SANEAMIENTO"
M02GT002,h,"Grúa pluma 30 m./0,75 t",0,E05HLA010,m3,"HA-25/P/20 ENCOFRADO MADERA LOSAS (85 kg/m3)",0,E05H#,"ESTRUCTURAS DE HORMIGÓN",E05#,ESTRUCTURAS
M02GT002,h,"Grúa pluma 30 m./0,75 t",3.872,E05HLA010,m3,"HA-25/P/20 ENCOFRADO MADERA LOSAS (85 kg/m3)",1,E33M#,"SUPERCAPITULO DEL E33L#",E03#,"RED DE SANEAMIENTO"
M02GT002,h,"Grúa pluma 30 m./0,75 t",0,E05HLA010,m3,"HA-25/P/20 ENCOFRADO MADERA LOSAS (85 kg/m3)",0,E05H#,"ESTRUCTURAS DE HORMIGÓN",E05#,ESTRUCTURAS
M02GT130,h,"Grúa torre automontante 35 t/m",2.376,E04CM090,m3,"HORMIGÓN LIMP. HM-20/P/20/I  V. GRÚA",5.94," "," ",E04#,CIMENTACIONES
M03HH020,h,"Hormigonera 200 l gasolina",0,E07RC040,m2,"RECIBIDO CERCOS EN MURO EXTERIOR A REVESTIR",0," "," ",E07#,"CERRAMIENTOS Y DIVISIONES"
M03HH020,h,"Hormigonera 200 l gasolina",0,E07RE020,m2,"RECIBIDO REJA EN FABRICA LADRILLO MORTERO",0," "," ",E07#,"CERRAMIENTOS Y DIVISIONES"
M03HH020,h,"Hormigonera 200 l gasolina",0.036,E09ISB020,u,"REMATE CHIMENEA P/FÁBRICA REVEST.",2," "," ",E09#,CUBIERTAS
M03HH020,h,"Hormigonera 200 l gasolina",0.104,E06PA010,m,"ALBARDILLA PIEDRA CALIZA 40x10cm",32.5," "," ",E06#,"PIEDRA NATURAL"
M03HH020,h,"Hormigonera 200 l gasolina",0.07832,E09ISD140,m,"CUMBRERA/LIMA TEJA PLANA",9.79," "," ",E09#,CUBIERTAS
M03HH020,h,"Hormigonera 200 l gasolina",0.04472,E09ISJ010,m,"BABERO ZINC 40 cm",11.18," "," ",E09#,CUBIERTAS
M03HH020,h,"Hormigonera 200 l gasolina",0.4455,E07TLB040,m2,"TABICÓN LHD 9cm INT.MORTERO BASTARDO BLANCO",49.5," "," ",E07#,"CERRAMIENTOS Y DIVISIONES"
M05EC110,h,"Miniexcavadora hidráulica cadenas 1,2 t",5.04,E02ES050,m3,"EXCAVACIÓN ZANJA SANEAMIENTO T.DURO MECÁNICA",31.5," "," ",E02#,"ACONDICIONAMIENTO DEL TERRENO"
M05EC110,h,"Miniexcavadora hidráulica cadenas 1,2 t",1.3122,E02PS050,m3,"EXCAVACIÓN ARQUETA SANEAMIENTO A MÁQUINA T.DURO",7.29," "," ",E02#,"ACONDICIONAMIENTO DEL TERRENO"
M05EN030,h,"Excav.hidráulica neumáticos 100 CV",11.088,E02EM030,m3,"EXCAVACIÓN ZANJA A MÁQUINA TERRENO COMPACTO",39.6," "," ",E02#,"ACONDICIONAMIENTO DEL TERRENO"
M05EN030,h,"Excav.hidráulica neumáticos 100 CV",4.4572,E02TT040,m3,"TRANSPORTE VERTEDERO <20km. CARGA MECÁNICA",111.43," "," ",E02#,"ACONDICIONAMIENTO DEL TERRENO"
M05PN010,h,"Pala cargadora neumáticos 85 CV/1,2m3",2.178,E02AM010,m2,"DESBROCE Y LIMPIEZA DE TERRENO A MÁQUINA",217.8," "," ",E02#,"ACONDICIONAMIENTO DEL TERRENO"
M07CB030,h,"Camión basculante 6x4 20 t",21.1717,E02TT040,m3,"TRANSPORTE VERTEDERO <20km. CARGA MECÁNICA",111.43," "," ",E02#,"ACONDICIONAMIENTO DEL TERRENO"
M07N060,m3,"Canon de desbroce a vertedero",111.43,E02TT040,m3,"TRANSPORTE VERTEDERO <20km. CARGA MECÁNICA",111.43," "," ",E02#,"ACONDICIONAMIENTO DEL TERRENO"
M08RI010,h,"Pisón vibrante 70 kg.",26.775,E02ES050,m3,"EXCAVACIÓN ZANJA SANEAMIENTO T.DURO MECÁNICA",31.5," "," ",E02#,"ACONDICIONAMIENTO DEL TERRENO"
M08RI010,h,"Pisón vibrante 70 kg.",5.832,E02PS050,m3,"EXCAVACIÓN ARQUETA SANEAMIENTO A MÁQUINA T.DURO",7.29," "," ",E02#,"ACONDICIONAMIENTO DEL TERRENO"
M11HV120,h,"Aguja eléct.c/convertid.gasolina D=79mm",5.7024,E04CA100,m3,"HORMIGÓN ARMADO HA-25/P/40/IIa V.BOMBA",15.84," "," ",E04#,CIMENTACIONES
M13CP105,u,"Puntal telesc. normal 3 m",2.7104,E05HLA010,m3,"HA-25/P/20 ENCOFRADO MADERA LOSAS (85 kg/m3)",1,E33M#,"SUPERCAPITULO DEL E33L#",E03#,"RED DE SANEAMIENTO"
M13CP105,u,"Puntal telesc. normal 3 m",0,E05HLA010,m3,"HA-25/P/20 ENCOFRADO MADERA LOSAS (85 kg/m3)",0,E05H#,"ESTRUCTURAS DE HORMIGÓN",E05#,ESTRUCTURAS
M13EM030,m2,"Tablero encofrar 22 mm. 4 p.",203.28,E05HLA010,m3,"HA-25/P/20 ENCOFRADO MADERA LOSAS (85 kg/m3)",1,E33M#,"SUPERCAPITULO DEL E33L#",E03#,"RED DE SANEAMIENTO"
M13EM030,m2,"Tablero encofrar 22 mm. 4 p.",0,E05HLA010,m3,"HA-25/P/20 ENCOFRADO MADERA LOSAS (85 kg/m3)",0,E05H#,"ESTRUCTURAS DE HORMIGÓN",E05#,ESTRUCTURAS
"MANO DE OBRA","UNIDAD DE OBRA",SUBCAPITULO,CAPITULO
CODIGO,ud,"NOMBRE MANO DE OBRA",CANTIDAD,PRECIO,IMPORTE,CODIGO,ud,NOMBRE,CANTIDAD,CODIGO,NOMBRE,CODIGO,NOMBRE
O01OA030,h,"Oficial primera",11.7,E03ALA010,u,"ARQUETA LADRILLO PIE/BAJANTE 38x38x50cm",6," "," ",E03#,"RED DE SANEAMIENTO"
O01OA030,h,"Oficial primera",13.65,E03ALR020,u,"ARQUETA LADRILLO REGISTRO 38x38x50 cm",7," "," ",E03#,"RED DE SANEAMIENTO"
O01OA030,h,"Oficial primera",5.5,E03ALR040,u,"ARQUETA LADRILLO REGISTRO 51x51x65 cm",2," "," ",E03#,"RED DE SANEAMIENTO"
O01OA030,h,"Oficial primera",7.4,E03ALR060,u,"ARQUETA LADRILLO REGISTRO 63x63x80 cm",2," "," ",E03#,"RED DE SANEAMIENTO"
O01OA030,h,"Oficial primera",11.4,E03ODP040,m,"TUBO DRENAJE PE-AD CORRUGADO DOBLE D=110 mm",60," "," ",E03#,"RED DE SANEAMIENTO"
O01OA030,h,"Oficial primera",15.228,E03OEP005,m,"TUBO PVC LISO MULTICAPA ENCOLADO 110mm",84.6," "," ",E03#,"RED DE SANEAMIENTO"
O01OA030,h,"Oficial primera",6.72,E03OEP010,m,"TUBO PVC P.COMPACTA JUNTA ELÁSTICA SN2 C.TEJA  160mm",28," "," ",E03#,"RED DE SANEAMIENTO"
O01OA030,h,"Oficial primera",5.7024,E04CA100,m3,"HORMIGÓN ARMADO HA-25/P/40/IIa V.BOMBA",15.84," "," ",E04#,CIMENTACIONES
O01OA030,h,"Oficial primera",12.4523,E04SA010,m2,"SOLERA HA-25, 10cm ARMADO #15x15x5",177.89," "," ",E04#,CIMENTACIONES
O01OA030,h,"Oficial primera",13.464,E07LP021,m2,"FÁB.LADRILLO PERFORADO 10cm 1/2P.+MURFOR MORTERO M-7,5",26.4," "," ",E07#,"CERRAMIENTOS Y DIVISIONES"
O01OA030,h,"Oficial primera",17.5314,E07LP040,m2,"FÁB.LADRILLO PERFORADO 10cm 1P. INTERIOR MORTERO M-5",28.74," "," ",E04#,CIMENTACIONES
O01OA030,h,"Oficial primera",131.0036,E07LP040,m2,"FÁB.LADRILLO PERFORADO 10cm 1P. INTERIOR MORTERO M-5",214.76," "," ",E05#,ESTRUCTURAS
O01OA030,h,"Oficial primera",3.906,E07RC010,m2,"RECIBIDO CERCOS EN TABIQUES C/YESO",12.6," "," ",E07#,"CERRAMIENTOS Y DIVISIONES"
O01OA030,h,"Oficial primera",0,E07RC040,m2,"RECIBIDO CERCOS EN MURO EXTERIOR A REVESTIR",0," "," ",E07#,"CERRAMIENTOS Y DIVISIONES"
O01OA030,h,"Oficial primera",26.1393,E07TLA040,m2,"TABIQUE RASILLÓN 40x20x4cm INT.MORT.M-5",79.21," "," ",E07#,"CERRAMIENTOS Y DIVISIONES"
O01OA030,h,"Oficial primera",21.285,E07TLB040,m2,"TABICÓN LHD 9cm INT.MORTERO BASTARDO BLANCO",49.5," "," ",E07#,"CERRAMIENTOS Y DIVISIONES"
O01OA030,h,"Oficial primera",19,E07WA120,u,"AYUDAS ALBAÑILERÍA VIVIENDA UNIFAMILIAR",1," "," ",E07#,"CERRAMIENTOS Y DIVISIONES"
O01OA030,h,"Oficial primera",11.8598,E08PFM050,m2,"ENFOSCADO MAESTREADO-FRATASADO CSIII-W1 VERTICAL",31.21," "," ",E08#,"REVESTIMIENTOS Y FALSOS TECHOS"
O01OA030,h,"Oficial primera",122.334,E08PKC020,m2,"REVESTIMIENTO DECORATIVO CAL AÉREA",203.89," "," ",E08#,"REVESTIMIENTOS Y FALSOS TECHOS"
O01OA030,h,"Oficial primera",60,E08PKC020,m2,"REVESTIMIENTO DECORATIVO CAL AÉREA",100," "," ",E11#,PAVIMENTOS
O01OA030,h,"Oficial primera",26.5057,E08PKW020,m2,"MALLA MORTERO",203.89," "," ",E08#,"REVESTIMIENTOS Y FALSOS TECHOS"
O01OA030,h,"Oficial primera",58.296,E09ICP100,m2,"TEJA CERÁMICA PLANA S/RASTREL+LVM",138.8," "," ",E09#,CUBIERTAS
O01OA030,h,"Oficial primera",1.78,E09ISB020,u,"REMATE CHIMENEA P/FÁBRICA REVEST.",2," "," ",E09#,CUBIERTAS
O01OA030,h,"Oficial primera",2.937,E09ISD140,m,"CUMBRERA/LIMA TEJA PLANA",9.79," "," ",E09#,CUBIERTAS
O01OA030,h,"Oficial primera",5.118,E09ISH040,m,"REMATE LATERAL TEJA",34.12," "," ",E09#,CUBIERTAS
O01OA030,h,"Oficial primera",4.472,E09ISJ010,m,"BABERO ZINC 40 cm",11.18," "," ",E09#,CUBIERTAS
O01OA030,h,"Oficial primera",5.4,E10AET170,m3,"AISLAMIENTO CELULOSA INSUFLADA EN SECO",30," "," ",E10#,"AISLAMIENTO E IMPERMEABILIZACIÓN"
O01OA030,h,"Oficial primera",40.778,E10AET300,m2,"AISLAMIENTO CORCHO NEGRO EN PLACAS 160 mm FACHADA",203.89," "," ",E10#,"AISLAMIENTO E IMPERMEABILIZACIÓN"
O01OA030,h,"Oficial primera",18.512,E10AET310,m2,"AISLAMIENTO CORCHO NEGRO EN PLACAS 160 mm CUBIERTA",92.56," "," ",E10#,"AISLAMIENTO E IMPERMEABILIZACIÓN"
O01OA030,h,"Oficial primera",5.516,E10AEU100,ml,"AISLAMIENTO TÉRMICO ROT. PUENTE TÉRMICO ARRANQUE MUROS",68.95," "," ",E10#,"AISLAMIENTO E IMPERMEABILIZACIÓN"
O01OA030,h,"Oficial primera",11.26,E10ATB050,m2,"BARRERA DE VAPOR",140.75," "," ",E10#,"AISLAMIENTO E IMPERMEABILIZACIÓN"
O01OA030,h,"Oficial primera",10.1328,E10IES010,m2,"IMPERMEABILIZACIÓN LÁMINA CAUCHO EPDM 1,35mm",63.33," "," ",E10#,"AISLAMIENTO E IMPERMEABILIZACIÓN"
O01OA040,h,"Oficial segunda",0,E07RE020,m2,"RECIBIDO REJA EN FABRICA LADRILLO MORTERO",0," "," ",E07#,"CERRAMIENTOS Y DIVISIONES"
O01OA050,h,Ayudante,0,E03DMP020,m2,"MEMBRANA DRENANTE P.E.A.D. VERT.H-15 PLUS",0," "," ",E03#,"RED DE SANEAMIENTO"
O01OA050,h,Ayudante,0.56,E03DMP020,m2,"MEMBRANA DRENANTE P.E.A.D. VERT.H-15 PLUS",35," "," ",E10#,"AISLAMIENTO E IMPERMEABILIZACIÓN"
O01OA050,h,Ayudante,2.472,E03DMS010,m2,"MEMBRANA DRENANTE P.E.A.D. SUELO H-15",123.6," "," ",E03#,"RED DE SANEAMIENTO"
O01OA050,h,Ayudante,3.906,E07RC010,m2,"RECIBIDO CERCOS EN TABIQUES C/YESO",12.6," "," ",E07#,"CERRAMIENTOS Y DIVISIONES"
O01OA050,h,Ayudante,0,E07RC040,m2,"RECIBIDO CERCOS EN MURO EXTERIOR A REVESTIR",0," "," ",E07#,"CERRAMIENTOS Y DIVISIONES"
O01OA050,h,Ayudante,19,E07WA120,u,"AYUDAS ALBAÑILERÍA VIVIENDA UNIFAMILIAR",1," "," ",E07#,"CERRAMIENTOS Y DIVISIONES"
O01OA050,h,Ayudante,11.8598,E08PFM050,m2,"ENFOSCADO MAESTREADO-FRATASADO CSIII-W1 VERTICAL",31.21," "," ",E08#,"REVESTIMIENTOS Y FALSOS TECHOS"
O01OA050,h,Ayudante,122.334,E08PKC020,m2,"REVESTIMIENTO DECORATIVO CAL AÉREA",203.89," "," ",E08#,"REVESTIMIENTOS Y FALSOS TECHOS"
O01OA050,h,Ayudante,60,E08PKC020,m2,"REVESTIMIENTO DECORATIVO CAL AÉREA",100," "," ",E11#,PAVIMENTOS
O01OA050,h,Ayudante,1.78,E09ISB020,u,"REMATE CHIMENEA P/FÁBRICA REVEST.",2," "," ",E09#,CUBIERTAS
O01OA050,h,Ayudante,5.4,E10AET170,m3,"AISLAMIENTO CELULOSA INSUFLADA EN SECO",30," "," ",E10#,"AISLAMIENTO E IMPERMEABILIZACIÓN"
O01OA050,h,Ayudante,40.778,E10AET300,m2,"AISLAMIENTO CORCHO NEGRO EN PLACAS 160 mm FACHADA",203.89," "," ",E10#,"AISLAMIENTO E IMPERMEABILIZACIÓN"
O01OA050,h,Ayudante,18.512,E10AET310,m2,"AISLAMIENTO CORCHO NEGRO EN PLACAS 160 mm CUBIERTA",92.56," "," ",E10#,"AISLAMIENTO E IMPERMEABILIZACIÓN"
O01OA050,h,Ayudante,5.516,E10AEU100,ml,"AISLAMIENTO TÉRMICO ROT. PUENTE TÉRMICO ARRANQUE MUROS",68.95," "," ",E10#,"AISLAMIENTO E IMPERMEABILIZACIÓN"
O01OA050,h,Ayudante,11.26,E10ATB050,m2,"BARRERA DE VAPOR",140.75," "," ",E10#,"AISLAMIENTO E IMPERMEABILIZACIÓN"
O01OA050,h,Ayudante,10.1328,E10IES010,m2,"IMPERMEABILIZACIÓN LÁMINA CAUCHO EPDM 1,35mm",63.33," "," ",E10#,"AISLAMIENTO E IMPERMEABILIZACIÓN"
O01OA060,h,"Peón especializado",5.4,E03ALA010,u,"ARQUETA LADRILLO PIE/BAJANTE 38x38x50cm",6," "," ",E03#,"RED DE SANEAMIENTO"
O01OA060,h,"Peón especializado",6.3,E03ALR020,u,"ARQUETA LADRILLO REGISTRO 38x38x50 cm",7," "," ",E03#,"RED DE SANEAMIENTO"
O01OA060,h,"Peón especializado",3.2,E03ALR040,u,"ARQUETA LADRILLO REGISTRO 51x51x65 cm",2," "," ",E03#,"RED DE SANEAMIENTO"
O01OA060,h,"Peón especializado",5.2,E03ALR060,u,"ARQUETA LADRILLO REGISTRO 63x63x80 cm",2," "," ",E03#,"RED DE SANEAMIENTO"
O01OA060,h,"Peón especializado",0,E03DMP020,m2,"MEMBRANA DRENANTE P.E.A.D. VERT.H-15 PLUS",0," "," ",E03#,"RED DE SANEAMIENTO"
O01OA060,h,"Peón especializado",0.56,E03DMP020,m2,"MEMBRANA DRENANTE P.E.A.D. VERT.H-15 PLUS",35," "," ",E10#,"AISLAMIENTO E IMPERMEABILIZACIÓN"
O01OA060,h,"Peón especializado",2.472,E03DMS010,m2,"MEMBRANA DRENANTE P.E.A.D. SUELO H-15",123.6," "," ",E03#,"RED DE SANEAMIENTO"
O01OA060,h,"Peón especializado",21,E03ODP040,m,"TUBO DRENAJE PE-AD CORRUGADO DOBLE D=110 mm",60," "," ",E03#,"RED DE SANEAMIENTO"
O01OA060,h,"Peón especializado",15.228,E03OEP005,m,"TUBO PVC LISO MULTICAPA ENCOLADO 110mm",84.6," "," ",E03#,"RED DE SANEAMIENTO"
O01OA060,h,"Peón especializado",6.72,E03OEP010,m,"TUBO PVC P.COMPACTA JUNTA ELÁSTICA SN2 C.TEJA  160mm",28," "," ",E03#,"RED DE SANEAMIENTO"
O01OA060,h,"Peón especializado",58.296,E09ICP100,m2,"TEJA CERÁMICA PLANA S/RASTREL+LVM",138.8," "," ",E09#,CUBIERTAS
O01OA060,h,"Peón especializado",2.937,E09ISD140,m,"CUMBRERA/LIMA TEJA PLANA",9.79," "," ",E09#,CUBIERTAS
O01OA060,h,"Peón especializado",5.118,E09ISH040,m,"REMATE LATERAL TEJA",34.12," "," ",E09#,CUBIERTAS
O01OA070,h,"Peón ordinario",0.601425,E07TLB040,m2,"TABICÓN LHD 9cm INT.MORTERO BASTARDO BLANCO",49.5," "," ",E07#,"CERRAMIENTOS Y DIVISIONES"
O01OA070,h,"Peón ordinario",0.2835,E07RC010,m2,"RECIBIDO CERCOS EN TABIQUES C/YESO",12.6," "," ",E07#,"CERRAMIENTOS Y DIVISIONES"
O01OA070,h,"Peón ordinario",1.79325,E11RMR010,m2,"TARIMA ROBLE SOBRE RASTREL 120/140x19mm.",79.7," "," ",E11#,PAVIMENTOS
O01OA070,h,"Peón ordinario",0.509725,E08PKW020,m2,"MALLA MORTERO",203.89," "," ",E08#,"REVESTIMIENTOS Y FALSOS TECHOS"
O01OA070,h,"Peón ordinario",0.0808,E11ECB035,m2,"SOLADO BALDOSÍN CATALÁN 20x20cm C/RODAPIÉ",40.4," "," ",E11#,PAVIMENTOS
O01OA070,h,"Peón ordinario",3.03,E11ECB035,m2,"SOLADO BALDOSÍN CATALÁN 20x20cm C/RODAPIÉ",40.4," "," ",E11#,PAVIMENTOS
O01OA070,h,"Peón ordinario",0,E07RC040,m2,"RECIBIDO CERCOS EN MURO EXTERIOR A REVESTIR",0," "," ",E07#,"CERRAMIENTOS Y DIVISIONES"
O01OA070,h,"Peón ordinario",0,E07RE020,m2,"RECIBIDO REJA EN FABRICA LADRILLO MORTERO",0," "," ",E07#,"CERRAMIENTOS Y DIVISIONES"
O01OA070,h,"Peón ordinario",0.153,E09ISB020,u,"REMATE CHIMENEA P/FÁBRICA REVEST.",2," "," ",E09#,CUBIERTAS
O01OA070,h,"Peón ordinario",0.442,E06PA010,m,"ALBARDILLA PIEDRA CALIZA 40x10cm",32.5," "," ",E06#,"PIEDRA NATURAL"
O01OA070,h,"Peón ordinario",0.33286,E09ISD140,m,"CUMBRERA/LIMA TEJA PLANA",9.79," "," ",E09#,CUBIERTAS
O01OA070,h,"Peón ordinario",0.19006,E09ISJ010,m,"BABERO ZINC 40 cm",11.18," "," ",E09#,CUBIERTAS
O01OA070,h,"Peón ordinario",1.6038,E07TLB040,m2,"TABICÓN LHD 9cm INT.MORTERO BASTARDO BLANCO",49.5," "," ",E07#,"CERRAMIENTOS Y DIVISIONES"
O01OA070,h,"Peón ordinario",1.3068,E02AM010,m2,"DESBROCE Y LIMPIEZA DE TERRENO A MÁQUINA",217.8," "," ",E02#,"ACONDICIONAMIENTO DEL TERRENO"
O01OA070,h,"Peón ordinario",5.544,E02EM030,m3,"EXCAVACIÓN ZANJA A MÁQUINA TERRENO COMPACTO",39.6," "," ",E02#,"ACONDICIONAMIENTO DEL TERRENO"
O01OA070,h,"Peón ordinario",28.35,E02ES050,m3,"EXCAVACIÓN ZANJA SANEAMIENTO T.DURO MECÁNICA",31.5," "," ",E02#,"ACONDICIONAMIENTO DEL TERRENO"
O01OA070,h,"Peón ordinario",7.29,E02PS050,m3,"EXCAVACIÓN ARQUETA SANEAMIENTO A MÁQUINA T.DURO",7.29," "," ",E02#,"ACONDICIONAMIENTO DEL TERRENO"
O01OA070,h,"Peón ordinario",3.564,E04CM090,m3,"HORMIGÓN LIMP. HM-20/P/20/I  V. GRÚA",5.94," "," ",E04#,CIMENTACIONES
O01OA070,h,"Peón ordinario",5.7024,E04CA100,m3,"HORMIGÓN ARMADO HA-25/P/40/IIa V.BOMBA",15.84," "," ",E04#,CIMENTACIONES
O01OA070,h,"Peón ordinario",3.168,E04CA100,m3,"HORMIGÓN ARMADO HA-25/P/40/IIa V.BOMBA",15.84," "," ",E04#,CIMENTACIONES
O01OA070,h,"Peón ordinario",12.4523,E04SA010,m2,"SOLERA HA-25, 10cm ARMADO #15x15x5",177.89," "," ",E04#,CIMENTACIONES
O01OA070,h,"Peón ordinario",13.464,E07LP021,m2,"FÁB.LADRILLO PERFORADO 10cm 1/2P.+MURFOR MORTERO M-7,5",26.4," "," ",E07#,"CERRAMIENTOS Y DIVISIONES"
O01OA070,h,"Peón ordinario",17.5314,E07LP040,m2,"FÁB.LADRILLO PERFORADO 10cm 1P. INTERIOR MORTERO M-5",28.74," "," ",E04#,CIMENTACIONES
O01OA070,h,"Peón ordinario",131.0036,E07LP040,m2,"FÁB.LADRILLO PERFORADO 10cm 1P. INTERIOR MORTERO M-5",214.76," "," ",E05#,ESTRUCTURAS
O01OA070,h,"Peón ordinario",0,E07RE020,m2,"RECIBIDO REJA EN FABRICA LADRILLO MORTERO",0," "," ",E07#,"CERRAMIENTOS Y DIVISIONES"
O01OA070,h,"Peón ordinario",26.1393,E07TLA040,m2,"TABIQUE RASILLÓN 40x20x4cm INT.MORT.M-5",79.21," "," ",E07#,"CERRAMIENTOS Y DIVISIONES"
O01OA070,h,"Peón ordinario",21.285,E07TLB040,m2,"TABICÓN LHD 9cm INT.MORTERO BASTARDO BLANCO",49.5," "," ",E07#,"CERRAMIENTOS Y DIVISIONES"
O01OA070,h,"Peón ordinario",19,E07WA120,u,"AYUDAS ALBAÑILERÍA VIVIENDA UNIFAMILIAR",1," "," ",E07#,"CERRAMIENTOS Y DIVISIONES"
O01OA070,h,"Peón ordinario",1.06,E09ISB020,u,"REMATE CHIMENEA P/FÁBRICA REVEST.",2," "," ",E09#,CUBIERTAS
O01OA070,h,"Peón ordinario",4.472,E09ISJ010,m,"BABERO ZINC 40 cm",11.18," "," ",E09#,CUBIERTAS
O01OA070,h,"Peón ordinario",10.1,E11ECB035,m2,"SOLADO BALDOSÍN CATALÁN 20x20cm C/RODAPIÉ",40.4," "," ",E11#,PAVIMENTOS
O01OA070,h,"Peón ordinario",23.91,E11RMR010,m2,"TARIMA ROBLE SOBRE RASTREL 120/140x19mm.",79.7," "," ",E11#,PAVIMENTOS
O01OA070,h,"Peón ordinario",7.97,E11RMR010,m2,"TARIMA ROBLE SOBRE RASTREL 120/140x19mm.",79.7," "," ",E11#,PAVIMENTOS
O01OA070,h,"Peón ordinario",0,E12AC040,m2,"ALICATADO AZULEJO COLOR 15x15cm REC.ADHESIVO",0," "," ",E27#,"PINTURAS Y TRAT. ESPECÍFICOS"
O01OB010,h,"Oficial 1ª encofrador",48.4,E05HLA010,m3,"HA-25/P/20 ENCOFRADO MADERA LOSAS (85 kg/m3)",1,E33M#,"SUPERCAPITULO DEL E33L#",E03#,"RED DE SANEAMIENTO"
O01OB010,h,"Oficial 1ª encofrador",0,E05HLA010,m3,"HA-25/P/20 ENCOFRADO MADERA LOSAS (85 kg/m3)",0,E05H#,"ESTRUCTURAS DE HORMIGÓN",E05#,ESTRUCTURAS
O01OB010,h,"Oficial 1ª encofrador",9.68,E05HLA010,m3,"HA-25/P/20 ENCOFRADO MADERA LOSAS (85 kg/m3)",1,E33M#,"SUPERCAPITULO DEL E33L#",E03#,"RED DE SANEAMIENTO"
O01OB010,h,"Oficial 1ª encofrador",0,E05HLA010,m3,"HA-25/P/20 ENCOFRADO MADERA LOSAS (85 kg/m3)",0,E05H#,"ESTRUCTURAS DE HORMIGÓN",E05#,ESTRUCTURAS
O01OB020,h,"Ayudante encofrador",48.4,E05HLA010,m3,"HA-25/P/20 ENCOFRADO MADERA LOSAS (85 kg/m3)",1,E33M#,"SUPERCAPITULO DEL E33L#",E03#,"RED DE SANEAMIENTO"
O01OB020,h,"Ayudante encofrador",0,E05HLA010,m3,"HA-25/P/20 ENCOFRADO MADERA LOSAS (85 kg/m3)",0,E05H#,"ESTRUCTURAS DE HORMIGÓN",E05#,ESTRUCTURAS
O01OB020,h,"Ayudante encofrador",9.68,E05HLA010,m3,"HA-25/P/20 ENCOFRADO MADERA LOSAS (85 kg/m3)",1,E33M#,"SUPERCAPITULO DEL E33L#",E03#,"RED DE SANEAMIENTO"
O01OB020,h,"Ayudante encofrador",0,E05HLA010,m3,"HA-25/P/20 ENCOFRADO MADERA LOSAS (85 kg/m3)",0,E05H#,"ESTRUCTURAS DE HORMIGÓN",E05#,ESTRUCTURAS
O01OB025,h,"Oficial 1ª gruísta",3.872,E05HLA010,m3,"HA-25/P/20 ENCOFRADO MADERA LOSAS (85 kg/m3)",1,E33M#,"SUPERCAPITULO DEL E33L#",E03#,"RED DE SANEAMIENTO"
O01OB025,h,"Oficial 1ª gruísta",0,E05HLA010,m3,"HA-25/P/20 ENCOFRADO MADERA LOSAS (85 kg/m3)",0,E05H#,"ESTRUCTURAS DE HORMIGÓN",E05#,ESTRUCTURAS
O01OB030,h,"Oficial 1ª ferralla",8.8704,E04CA100,m3,"HORMIGÓN ARMADO HA-25/P/40/IIa V.BOMBA",15.84," "," ",E04#,CIMENTACIONES
O01OB030,h,"Oficial 1ª ferralla",46.0768,E05HLA010,m3,"HA-25/P/20 ENCOFRADO MADERA LOSAS (85 kg/m3)",1,E33M#,"SUPERCAPITULO DEL E33L#",E03#,"RED DE SANEAMIENTO"
O01OB030,h,"Oficial 1ª ferralla",0,E05HLA010,m3,"HA-25/P/20 ENCOFRADO MADERA LOSAS (85 kg/m3)",0,E05H#,"ESTRUCTURAS DE HORMIGÓN",E05#,ESTRUCTURAS
O01OB030,h,"Oficial 1ª ferralla",1.06734,E04SA010,m2,"SOLERA HA-25, 10cm ARMADO #15x15x5",177.89," "," ",E04#,CIMENTACIONES
O01OB040,h,"Ayudante ferralla",8.8704,E04CA100,m3,"HORMIGÓN ARMADO HA-25/P/40/IIa V.BOMBA",15.84," "," ",E04#,CIMENTACIONES
O01OB040,h,"Ayudante ferralla",46.0768,E05HLA010,m3,"HA-25/P/20 ENCOFRADO MADERA LOSAS (85 kg/m3)",1,E33M#,"SUPERCAPITULO DEL E33L#",E03#,"RED DE SANEAMIENTO"
O01OB040,h,"Ayudante ferralla",0,E05HLA010,m3,"HA-25/P/20 ENCOFRADO MADERA LOSAS (85 kg/m3)",0,E05H#,"ESTRUCTURAS DE HORMIGÓN",E05#,ESTRUCTURAS
O01OB040,h,"Ayudante ferralla",1.06734,E04SA010,m2,"SOLERA HA-25, 10cm ARMADO #15x15x5",177.89," "," ",E04#,CIMENTACIONES
O01OB070,h,"Oficial cantero",16.25,E06PA010,m,"ALBARDILLA PIEDRA CALIZA 40x10cm",32.5," "," ",E06#,"PIEDRA NATURAL"
O01OB080,h,"Ayudante cantero",16.25,E06PA010,m,"ALBARDILLA PIEDRA CALIZA 40x10cm",32.5," "," ",E06#,"PIEDRA NATURAL"
O01OB090,h,"Oficial solador, alicatador",16.968,E11ECB035,m2,"SOLADO BALDOSÍN CATALÁN 20x20cm C/RODAPIÉ",40.4," "," ",E11#,PAVIMENTOS
O01OB090,h,"Oficial solador, alicatador",10.9235,E12AC020,m2,"ALICATADO AZULEJO BLANCO 15x15cm REC.ADHESIVO",31.21," "," ",E12#,"ALICATADOS, CHAPADOS Y PREFABRICADOS"
O01OB090,h,"Oficial solador, alicatador",0,E12AC040,m2,"ALICATADO AZULEJO COLOR 15x15cm REC.ADHESIVO",0," "," ",E27#,"PINTURAS Y TRAT. ESPECÍFICOS"
O01OB100,h,"Ayudante solador, alicatador",16.968,E11ECB035,m2,"SOLADO BALDOSÍN CATALÁN 20x20cm C/RODAPIÉ",40.4," "," ",E11#,PAVIMENTOS
O01OB100,h,"Ayudante solador, alicatador",10.9235,E12AC020,m2,"ALICATADO AZULEJO BLANCO 15x15cm REC.ADHESIVO",31.21," "," ",E12#,"ALICATADOS, CHAPADOS Y PREFABRICADOS"
O01OB100,h,"Ayudante solador, alicatador",0,E12AC040,m2,"ALICATADO AZULEJO COLOR 15x15cm REC.ADHESIVO",0," "," ",E27#,"PINTURAS Y TRAT. ESPECÍFICOS"
O01OB150,h,"Oficial 1ª carpintero",13.88,E05MC031,m2,"TABLERO DE CUBIERTA",138.8," "," ",E05#,ESTRUCTURAS
O01OB150,h,"Oficial 1ª carpintero",92.46,E05ML071,m3,"MADERA LAMINADA",15.41," "," ",E05#,ESTRUCTURAS
O01OB150,h,"Oficial 1ª carpintero",79.7,E11RMR010,m2,"TARIMA ROBLE SOBRE RASTREL 120/140x19mm.",79.7," "," ",E11#,PAVIMENTOS
O01OB150,h,"Oficial 1ª carpintero",19.925,E11RMR010,m2,"TARIMA ROBLE SOBRE RASTREL 120/140x19mm.",79.7," "," ",E11#,PAVIMENTOS
O01OB150,h,"Oficial 1ª carpintero",2.3,E13EEB010,ud,"P.E. BLINDADA P.PAÍS P/PINTAR/LACAR",1," "," ",E13#,"CARPINTERÍA DE MADERA"
O01OB150,h,"Oficial 1ª carpintero",6,E13EPL060,ud,"P.P. LISA MACIZA P.MELIX/MUKALI",6," "," ",E13#,"CARPINTERÍA DE MADERA"
O01OB150,h,"Oficial 1ª carpintero",20.412,E13MAL030,m2,"FTE.ARM/MAL.LISO H.PINO MELIX/MUKALI",22.68," "," ",E13#,"CARPINTERÍA DE MADERA"
O01OB150,h,"Oficial 1ª carpintero",28.35,E13RSL020,m2,"CARP.EXT.PINO MELIX P/BARNIZ.",31.5," "," ",E13#,"CARPINTERÍA DE MADERA"
O01OB160,h.,"Ayudante carpintero",13.88,E05MC031,m2,"TABLERO DE CUBIERTA",138.8," "," ",E05#,ESTRUCTURAS
O01OB160,h.,"Ayudante carpintero",92.46,E05ML071,m3,"MADERA LAMINADA",15.41," "," ",E05#,ESTRUCTURAS
O01OB160,h.,"Ayudante carpintero",0.6,E13EPL060,ud,"P.P. LISA MACIZA P.MELIX/MUKALI",6," "," ",E13#,"CARPINTERÍA DE MADERA"
O01OB160,h.,"Ayudante carpintero",0.1,E13EEB010,ud,"P.E. BLINDADA P.PAÍS P/PINTAR/LACAR",1," "," ",E13#,"CARPINTERÍA DE MADERA"
O01OB160,h.,"Ayudante carpintero",2.3,E13EEB010,ud,"P.E. BLINDADA P.PAÍS P/PINTAR/LACAR",1," "," ",E13#,"CARPINTERÍA DE MADERA"
O01OB160,h.,"Ayudante carpintero",6,E13EPL060,ud,"P.P. LISA MACIZA P.MELIX/MUKALI",6," "," ",E13#,"CARPINTERÍA DE MADERA"
O01OB160,h.,"Ayudante carpintero",20.412,E13MAL030,m2,"FTE.ARM/MAL.LISO H.PINO MELIX/MUKALI",22.68," "," ",E13#,"CARPINTERÍA DE MADERA"
O01OB160,h.,"Ayudante carpintero",28.35,E13RSL020,m2,"CARP.EXT.PINO MELIX P/BARNIZ.",31.5," "," ",E13#,"CARPINTERÍA DE MADERA"
O01OB230,h,"Oficial 1ª pintura",41.36566,E27EC010,m2,"PINTURA A LA CAL PARA INTERIOR",311.02," "," ",E27#,"PINTURAS Y TRAT. ESPECÍFICOS"
O01OB230,h,"Oficial 1ª pintura",13.272,E27MU010,m2,"LASUR SATINADO TRANSPARENTE F./ACAB. EXT.",66.36," "," ",E27#,"PINTURAS Y TRAT. ESPECÍFICOS"
O01OB240,h,"Ayudante pintura",13.272,E27MU010,m2,"LASUR SATINADO TRANSPARENTE F./ACAB. EXT.",66.36," "," ",E27#,"PINTURAS Y TRAT. ESPECÍFICOS"
O01OB250,h,"Oficial 1ª vidriería",18.72,E16CLA040,m2,"SECURIT INCOLORO 8 mm",23.4," "," ",E16#,"VIDRIERÍA Y TRASLÚCIDOS"
O01OB250,h,"Oficial 1ª vidriería",8.2,E16CPA010,u,"PUERTA TEMPLADA INCOL. 2190x896",1," "," ",E16#,"VIDRIERÍA Y TRASLÚCIDOS"
O01OB250,h,"Oficial 1ª vidriería",2.196,E16EGD030,m2,"AISLAGLAS GUARDIAN SUN NEUTRO 6/10,12,16/4",10.98," "," ",E16#,"VIDRIERÍA Y TRASLÚCIDOS"
O01OB250,h,"Oficial 1ª vidriería",2.656,E16EGD040,m2,"AISLAGLAS GUARDIAN SUN NEUTRO 4/10,12,16/33.1",13.28," "," ",E16#,"VIDRIERÍA Y TRASLÚCIDOS"
O01OB520,h.,"Equipo técnico laboratorio",1.5,E29IFI010,ud,"PRUEBA RESIST./ESTANQ.RED FONTANERíA",1," "," ",E29#,"CONTROL DE CALIDAD Y ENSAYOS"
O01OB520,h.,"Equipo técnico laboratorio",2.5,E29WC020,ud,"PRUEBA ESTANQUEIDAD AZOTEAS",1," "," ",E29#,"CONTROL DE CALIDAD Y ENSAYOS"
O01OB910,h,"Oficial 1ª revocador",111.03414,E08PKC100,m2,"MORTERO CAL PARA INTERIOR",311.02," "," ",E08#,"REVESTIMIENTOS Y FALSOS TECHOS"
O01OB920,h,"Ayudante revocador",53.18442,E08PKC100,m2,"MORTERO CAL PARA INTERIOR",311.02," "," ",E08#,"REVESTIMIENTOS Y FALSOS TECHOS"
